<?xml version="1.0" encoding="UTF-8"?>
<Configuration xmlns:xi="http://www.w3.org/2001/XInclude">
	<Appenders>
		<Console name="STDOUT" target="SYSTEM_OUT">
			<PatternLayout
				pattern="[%-5level] %d{yyyy-MM-dd HH:mm:ss.SSS} [%t] %c{1} - %msg%n" />
		</Console>
	</Appenders>

	<!-- You can set custom log levels per-package here -->
	<Loggers>

		<!-- CXF is used heavily by Mule for web services -->
		<Logger name="org.apache.cxf" level="warn" />

		<!-- Apache Commons tend to make a lot of noise which can clutter the log. -->
		<Logger name="org.apache" level="warn" />

		<!-- Reduce startup noise -->
		<Logger name="org.springframework.beans.factory" level="warn" />

		<!-- Mule classes -->
		<Logger name="org.mule" level="info" />
		<Logger name="com.mulesoft" level="info" />

		<!-- Reduce DM verbosity -->
		<Logger name="org.jetel" level="warn" />
		<Logger name="Tracking" level="warn" />

		<!-- Development Logger -->
		<Logger name="development_logger" level="INFO" additivity="false">
			<AppenderRef ref="STDOUT" />
		</Logger>

		<Root level="INFO">
			<AppenderRef ref="STDOUT" />
		</Root>
	</Loggers>


</Configuration>
